"Organization Group Name","Location Group Path"
"CIS-UCBRA","Global / AirWatch Clients / India / Genpact / IBEX / NewCISPolicy / CIS-UCBRA"
"CIS-Merative","Global / AirWatch Clients / India / Genpact / IBEX / NewCISPolicy / CIS-Merative"
"CIS-Celonis","Global / AirWatch Clients / India / Genpact / IBEX / NewCISPolicy / CIS-Celonis"
"CIS-GreenSky","Global / AirWatch Clients / India / Genpact / IBEX / NewCISPolicy / CIS-GreenSky"
"IBEX NewEnrollTEST","Global / AirWatch Clients / India / Genpact / IBEX / IBEX Dev / IBEX NewEnrollTEST"
"Genpact-EU","Global / AirWatch Clients / India / Genpact / Genpact-EU"
"NorthCEE Prod","Global / AirWatch Clients / India / Genpact / NorthCEE / NorthCEE Prod"
"IBEX Dev","Global / AirWatch Clients / India / Genpact / IBEX / IBEX Dev"
Aspen,"Global / AirWatch Clients / India / Genpact / IBEX / IBEX Prod / Aspen"
AMEX,"Global / AirWatch Clients / India / Genpact / IBEX / IBEX Prod / AMEX"
Synchrony,"Global / AirWatch Clients / India / Genpact / IBEX / IBEX Prod / Synchrony"
ManuLife,"Global / AirWatch Clients / India / Genpact / IBEX / IBEX Prod / ManuLife"
Anthem,"Global / AirWatch Clients / India / Genpact / IBEX / IBEX Prod / Anthem"
TCCC,"Global / AirWatch Clients / India / Genpact / IBEX / IBEX Prod / TCCC"
WestPac,"Global / AirWatch Clients / India / Genpact / IBEX / IBEX Prod / WestPac"
LFS,"Global / AirWatch Clients / India / Genpact / IBEX / IBEX Prod / LFS"
LMGRS,"Global / AirWatch Clients / India / Genpact / IBEX / IBEX Prod / LMGRS"
Mars,"Global / AirWatch Clients / India / Genpact / IBEX / IBEX Prod / Mars"
NAB,"Global / AirWatch Clients / India / Genpact / IBEX / IBEX Prod / NAB"
Voya,"Global / AirWatch Clients / India / Genpact / IBEX / IBEX Prod / Voya"
McKesson,"Global / AirWatch Clients / India / Genpact / IBEX / IBEX Prod / McKesson"
Citi,"Global / AirWatch Clients / India / Genpact / IBEX / IBEX Prod / Citi"
CIOX,"Global / AirWatch Clients / India / Genpact / IBEX / IBEX Prod / CIOX"
NBS,"Global / AirWatch Clients / India / Genpact / IBEX / IBEX Prod / NBS"
ElementFinancial,"Global / AirWatch Clients / India / Genpact / IBEX / IBEX Prod / ElementFinancial"
Nike,"Global / AirWatch Clients / India / Genpact / IBEX / IBEX Prod / Nike"
USG,"Global / AirWatch Clients / India / Genpact / IBEX / IBEX Prod / USG"
USSteel,"Global / AirWatch Clients / India / Genpact / IBEX / IBEX Prod / USSteel"
Kantar,"Global / AirWatch Clients / India / Genpact / IBEX / IBEX Prod / Kantar"
GPT,"Global / AirWatch Clients / India / Genpact / IBEX / IBEX Prod / GPT"
LMNAS,"Global / AirWatch Clients / India / Genpact / IBEX / IBEX Prod / LMNAS"
RFIB,"Global / AirWatch Clients / India / Genpact / IBEX / IBEX Prod / RFIB"
Diversey,"Global / AirWatch Clients / India / Genpact / IBEX / IBEX Prod / Diversey"
Sysco,"Global / AirWatch Clients / India / Genpact / IBEX / IBEX Prod / Sysco"
Sanoma,"Global / AirWatch Clients / India / Genpact / IBEX / IBEX Prod / Sanoma"
LW,"Global / AirWatch Clients / India / Genpact / IBEX / IBEX Prod / LW"
Canon,"Global / AirWatch Clients / India / Genpact / IBEX / IBEX Prod / Canon"
GlaxoSmithKline,"Global / AirWatch Clients / India / Genpact / IBEX / IBEX Prod / GlaxoSmithKline"
PacificLife,"Global / AirWatch Clients / India / Genpact / IBEX / IBEX Prod / PacificLife"
Radial,"Global / AirWatch Clients / India / Genpact / IBEX / IBEX Prod / Radial"
Brookfield,"Global / AirWatch Clients / India / Genpact / IBEX / IBEX Prod / Brookfield"
Etrade,"Global / AirWatch Clients / India / Genpact / IBEX / IBEX Prod / Etrade"
eBay,"Global / AirWatch Clients / India / Genpact / IBEX / IBEX Prod / eBay"
TCFBank,"Global / AirWatch Clients / India / Genpact / IBEX / IBEX Prod / TCFBank"
KonikaMinolta,"Global / AirWatch Clients / India / Genpact / IBEX / IBEX Prod / KonikaMinolta"
Alcon,"Global / AirWatch Clients / India / Genpact / IBEX / IBEX Prod / Alcon"
Covidien,"Global / AirWatch Clients / India / Genpact / IBEX / IBEX Prod / Covidien"
Conagra,"Global / AirWatch Clients / India / Genpact / IBEX / IBEX Prod / Conagra"
ABB,"Global / AirWatch Clients / India / Genpact / IBEX / IBEX Prod / ABB"
BectonDeckinson,"Global / AirWatch Clients / India / Genpact / IBEX / IBEX Prod / BectonDeckinson"
Astellas,"Global / AirWatch Clients / India / Genpact / IBEX / IBEX Prod / Astellas"
AxisCapital,"Global / AirWatch Clients / India / Genpact / IBEX / IBEX Prod / AxisCapital"
SCI,"Global / AirWatch Clients / India / Genpact / IBEX / IBEX Prod / SCI"
Schneider,"Global / AirWatch Clients / India / Genpact / IBEX / IBEX Prod / Schneider"
Abinbev,"Global / AirWatch Clients / India / Genpact / IBEX / IBEX Prod / Abinbev"
Carlsberg,"Global / AirWatch Clients / India / Genpact / IBEX / IBEX Prod / Carlsberg"
WPPJWTGTB,"Global / AirWatch Clients / India / Genpact / IBEX / IBEX Prod / WPPJWTGTB"
DixonsCarphone,"Global / AirWatch Clients / India / Genpact / IBEX / IBEX Prod / DixonsCarphone"
Covance,"Global / AirWatch Clients / India / Genpact / IBEX / IBEX Prod / Covance"
RobertShaw,"Global / AirWatch Clients / India / Genpact / IBEX / IBEX Prod / RobertShaw"
Mattel,"Global / AirWatch Clients / India / Genpact / IBEX / IBEX Prod / Mattel"
SIC,"Global / AirWatch Clients / India / Genpact / IBEX / IBEX Prod / SIC"
Ferring,"Global / AirWatch Clients / India / Genpact / IBEX / IBEX Prod / Ferring"
FederalMogul,"Global / AirWatch Clients / India / Genpact / IBEX / IBEX Prod / FederalMogul"
Tango,"Global / AirWatch Clients / India / Genpact / IBEX / IBEX Prod / Tango"
Byram,"Global / AirWatch Clients / India / Genpact / IBEX / IBEX Prod / Byram"
Heineken,"Global / AirWatch Clients / India / Genpact / IBEX / IBEX Prod / Heineken"
McDonalds,"Global / AirWatch Clients / India / Genpact / IBEX / IBEX Prod / McDonalds"
BoehringerIngelheim,"Global / AirWatch Clients / India / Genpact / IBEX / IBEX Prod / BoehringerIngelheim"
EsteeLauder,"Global / AirWatch Clients / India / Genpact / IBEX / IBEX Prod / EsteeLauder"
DeanFoods,"Global / AirWatch Clients / India / Genpact / IBEX / IBEX Prod / DeanFoods"
CACIBParis,"Global / AirWatch Clients / India / Genpact / IBEX / IBEX Prod / CACIBParis"
Astrazeneca,"Global / AirWatch Clients / India / Genpact / IBEX / IBEX Prod / Astrazeneca"
Stericycle,"Global / AirWatch Clients / India / Genpact / IBEX / IBEX Prod / Stericycle"
MERS,"Global / AirWatch Clients / India / Genpact / IBEX / IBEX Prod / MERS"
Nexans,"Global / AirWatch Clients / India / Genpact / IBEX / IBEX Prod / Nexans"
"HoneyBadger_CO","Global / AirWatch Clients / India / Genpact / IBEX / IBEX Prod / HoneyBadger / HoneyBadger_CO"
Kone,"Global / AirWatch Clients / India / Genpact / IBEX / IBEX Prod / Kone"
Entercom,"Global / AirWatch Clients / India / Genpact / IBEX / IBEX Prod / Entercom"
Zurich,"Global / AirWatch Clients / India / Genpact / IBEX / IBEX Prod / Zurich"
Armstrong,"Global / AirWatch Clients / India / Genpact / IBEX / IBEX Prod / Armstrong"
Stada,"Global / AirWatch Clients / India / Genpact / IBEX / IBEX Prod / Stada"
MedPro,"Global / AirWatch Clients / India / Genpact / IBEX / IBEX Prod / MedPro"
AdvisorGroup,"Global / AirWatch Clients / India / Genpact / IBEX / IBEX Prod / AdvisorGroup"
DirectEnergy,"Global / AirWatch Clients / India / Genpact / IBEX / IBEX Prod / DirectEnergy"
AFL,"Global / AirWatch Clients / India / Genpact / IBEX / IBEX Prod / AFL"
WeWork,"Global / AirWatch Clients / India / Genpact / IBEX / IBEX Prod / WeWork"
ICICI,"Global / AirWatch Clients / India / Genpact / IBEX / IBEX Prod / ICICI"
BGIM,"Global / AirWatch Clients / India / Genpact / IBEX / IBEX Prod / BGIM"
LiveKindly,"Global / AirWatch Clients / India / Genpact / IBEX / IBEX Prod / LiveKindly"
Aetna,"Global / AirWatch Clients / India / Genpact / IBEX / IBEX Prod / Aetna"
NPI,"Global / AirWatch Clients / India / Genpact / IBEX / IBEX Prod / NPI"
Tyson,"Global / AirWatch Clients / India / Genpact / IBEX / IBEX Prod / Tyson"
InterNex,"Global / AirWatch Clients / India / Genpact / IBEX / IBEX Prod / InterNex"
Abbvie,"Global / AirWatch Clients / India / Genpact / IBEX / IBEX Prod / Abbvie"
HESSCorporation,"Global / AirWatch Clients / India / Genpact / IBEX / IBEX Prod / HESSCorporation"
ToyotaFinSer,"Global / AirWatch Clients / India / Genpact / IBEX / IBEX Prod / ToyotaFinSer"
"HoneyBadger_CO_GCC","Global / AirWatch Clients / India / Genpact / IBEX / IBEX Prod / HoneyBadger / HoneyBadger_CO / HoneyBadger_CO_GCC"
IPB,"Global / AirWatch Clients / India / Genpact / IBEX / IBEX Prod / IPB"
Jefferies,"Global / AirWatch Clients / India / Genpact / IBEX / IBEX Prod / Jefferies"
TIP,"Global / AirWatch Clients / India / Genpact / IBEX / IBEX Prod / TIP"
FelixHorizon,"Global / AirWatch Clients / India / Genpact / IBEX / IBEX Prod / FelixHorizon"
CME,"Global / AirWatch Clients / India / Genpact / IBEX / IBEX Prod / CME"
OpenWealth,"Global / AirWatch Clients / India / Genpact / IBEX / IBEX Prod / OpenWealth"
Bayer,"Global / AirWatch Clients / India / Genpact / IBEX / IBEX Prod / Bayer"
Otsuka,"Global / AirWatch Clients / India / Genpact / IBEX / IBEX Prod / Otsuka"
DrReddys,"Global / AirWatch Clients / India / Genpact / IBEX / IBEX Prod / DrReddys"
Aveva,"Global / AirWatch Clients / India / Genpact / IBEX / IBEX Prod / Aveva"
INGKYC,"Global / AirWatch Clients / India / Genpact / IBEX / IBEX Prod / INGKYC"
MTBank,"Global / AirWatch Clients / India / Genpact / IBEX / IBEX Prod / MTBank"
Catalina,"Global / AirWatch Clients / India / Genpact / IBEX / IBEX Prod / Catalina"
ICE,"Global / AirWatch Clients / India / Genpact / IBEX / IBEX Prod / ICE"
VersantHealth,"Global / AirWatch Clients / India / Genpact / IBEX / IBEX Prod / VersantHealth"
Powerfleet,"Global / AirWatch Clients / India / Genpact / IBEX / IBEX Prod / Powerfleet"
HDSupply,"Global / AirWatch Clients / India / Genpact / IBEX / IBEX Prod / HDSupply"
PayPal,"Global / AirWatch Clients / India / Genpact / IBEX / IBEX Prod / PayPal"
LPIAXA,"Global / AirWatch Clients / India / Genpact / IBEX / IBEX Prod / LPIAXA"
PG,"Global / AirWatch Clients / India / Genpact / IBEX / IBEX Prod / PG"
Ares,"Global / AirWatch Clients / India / Genpact / IBEX / IBEX Prod / Ares"
Coty,"Global / AirWatch Clients / India / Genpact / IBEX / IBEX Prod / Coty"
INNIO,"Global / AirWatch Clients / India / Genpact / IBEX / IBEX Prod / INNIO"
JaguarLandrover,"Global / AirWatch Clients / India / Genpact / IBEX / IBEX Prod / JaguarLandrover"
Cision,"Global / AirWatch Clients / India / Genpact / IBEX / IBEX Prod / Cision"
Boston,"Global / AirWatch Clients / India / Genpact / IBEX / IBEX Prod / Boston"
PublishingGRA,"Global / AirWatch Clients / India / Genpact / IBEX / IBEX Prod / PublishingGRA"
CIOXPHP,"Global / AirWatch Clients / India / Genpact / IBEX / IBEX Prod / CIOXPHP"
Beiersdorf,"Global / AirWatch Clients / India / Genpact / IBEX / IBEX Prod / Beiersdorf"
WilliamBlair,"Global / AirWatch Clients / India / Genpact / IBEX / IBEX Prod / WilliamBlair"
BusinessPlatform,"Global / AirWatch Clients / India / Genpact / IBEX / IBEX Prod / BusinessPlatform"
WAM,"Global / AirWatch Clients / India / Genpact / IBEX / IBEX Prod / WAM"
Haier,"Global / AirWatch Clients / India / Genpact / IBEX / IBEX Prod / Haier"
Reeds,"Global / AirWatch Clients / India / Genpact / IBEX / IBEX Prod / Reeds"
AutoPlus,"Global / AirWatch Clients / India / Genpact / IBEX / IBEX Prod / AutoPlus"
CarlsonWagonlit,"Global / AirWatch Clients / India / Genpact / IBEX / IBEX Prod / CarlsonWagonlit"
PayComAML,"Global / AirWatch Clients / India / Genpact / IBEX / IBEX Prod / PayComAML"
TIAA,"Global / AirWatch Clients / India / Genpact / IBEX / IBEX Prod / TIAA"
RiskCanvas,"Global / AirWatch Clients / India / Genpact / IBEX / IBEX Prod / RiskCanvas"
SPXFlow,"Global / AirWatch Clients / India / Genpact / IBEX / IBEX Prod / SPXFlow"
AthenaVirence,"Global / AirWatch Clients / India / Genpact / IBEX / IBEX Prod / AthenaVirence"
UnitedBiscuits,"Global / AirWatch Clients / India / Genpact / IBEX / IBEX Prod / UnitedBiscuits"
CreditSuisse,"Global / AirWatch Clients / India / Genpact / IBEX / IBEX Prod / CreditSuisse"
Xylem,"Global / AirWatch Clients / India / Genpact / IBEX / IBEX Prod / Xylem"
WesternUnion,"Global / AirWatch Clients / India / Genpact / IBEX / IBEX Prod / WesternUnion"
PhilAm,"Global / AirWatch Clients / India / Genpact / IBEX / IBEX Prod / PhilAm"
KeyBank,"Global / AirWatch Clients / India / Genpact / IBEX / IBEX Prod / KeyBank"
NationalGeographicSociety,"Global / AirWatch Clients / India / Genpact / IBEX / IBEX Prod / NationalGeographicSociety"
BECU,"Global / AirWatch Clients / India / Genpact / IBEX / IBEX Prod / BECU"
Grizzard,"Global / AirWatch Clients / India / Genpact / IBEX / IBEX Prod / Grizzard"
Eisai,"Global / AirWatch Clients / India / Genpact / IBEX / IBEX Prod / Eisai"
Rainbird,"Global / AirWatch Clients / India / Genpact / IBEX / IBEX Prod / Rainbird"
WPH,"Global / AirWatch Clients / India / Genpact / IBEX / IBEX Prod / WPH"
MUFG,"Global / AirWatch Clients / India / Genpact / IBEX / IBEX Prod / MUFG"
LeggMason,"Global / AirWatch Clients / India / Genpact / IBEX / IBEX Prod / LeggMason"
FLSmidth,"Global / AirWatch Clients / India / Genpact / IBEX / IBEX Prod / FLSmidth"
Bombardier,"Global / AirWatch Clients / India / Genpact / IBEX / IBEX Prod / Bombardier"
CSC,"Global / AirWatch Clients / India / Genpact / IBEX / IBEX Prod / CSC"
BankofAmerica,"Global / AirWatch Clients / India / Genpact / IBEX / IBEX Prod / BankofAmerica"
Current,"Global / AirWatch Clients / India / Genpact / IBEX / IBEX Prod / Current"
DigitalBPM,"Global / AirWatch Clients / India / Genpact / IBEX / IBEX Prod / DigitalBPM"
SRN,"Global / AirWatch Clients / India / Genpact / IBEX / IBEX Prod / SRN"
Zentiva,"Global / AirWatch Clients / India / Genpact / IBEX / IBEX Prod / Zentiva"
Newell,"Global / AirWatch Clients / India / Genpact / IBEX / IBEX Prod / Newell"
Danone,"Global / AirWatch Clients / India / Genpact / IBEX / IBEX Prod / Danone"
DigitalRPADeveloper,"Global / AirWatch Clients / India / Genpact / IBEX / IBEX Prod / DigitalRPADeveloper"
CorpSharedServices,"Global / AirWatch Clients / India / Genpact / IBEX / IBEX Prod / CorpSharedServices"
LamResearch,"Global / AirWatch Clients / India / Genpact / IBEX / IBEX Prod / LamResearch"
RocketSoftware,"Global / AirWatch Clients / India / Genpact / IBEX / IBEX Prod / RocketSoftware"
Aryzta,"Global / AirWatch Clients / India / Genpact / IBEX / IBEX Prod / Aryzta"
NBA,"Global / AirWatch Clients / India / Genpact / IBEX / IBEX Prod / NBA"
Starwood,"Global / AirWatch Clients / India / Genpact / IBEX / IBEX Prod / Starwood"
"8000_DualAsset","Global / AirWatch Clients / India / Genpact / NorthCEE / 8000_DualAsset"
Clorox,"Global / AirWatch Clients / India / Genpact / IBEX / IBEX Prod / Clorox"
HRBlock,"Global / AirWatch Clients / India / Genpact / IBEX / IBEX Prod / HRBlock"
Wesco,"Global / AirWatch Clients / India / Genpact / IBEX / IBEX Prod / Wesco"
"Wells-Fargo","Global / AirWatch Clients / India / Genpact / IBEX / IBEX Dev / Sample Policy Setup / Wells-Fargo"
Hertz,"Global / AirWatch Clients / India / Genpact / IBEX / IBEX Prod / Hertz"
Gannett,"Global / AirWatch Clients / India / Genpact / IBEX / IBEX Prod / Gannett"
Olympus,"Global / AirWatch Clients / India / Genpact / IBEX / IBEX Prod / Olympus"
RLS,"Global / AirWatch Clients / India / Genpact / IBEX / IBEX Prod / RLS"
Bose,"Global / AirWatch Clients / India / Genpact / IBEX / IBEX Prod / Bose"
"NorthCEE Dev","Global / AirWatch Clients / India / Genpact / NorthCEE / NorthCEE Dev"
Brex,"Global / AirWatch Clients / India / Genpact / IBEX / IBEX Prod / Brex"
"HoneyBadger_CO_iOS","Global / AirWatch Clients / India / Genpact / IBEX / IBEX Prod / HoneyBadger / HoneyBadger_CO / HoneyBadger_CO_iOS"
"IBEX-Test-CIS-ABB","Global / AirWatch Clients / India / Genpact / IBEX / IBEX Dev / IBEX Test CIS Baseline / IBEX-Test-CIS-ABB"
PartyCity,"Global / AirWatch Clients / India / Genpact / IBEX / IBEX Prod / PartyCity"
Celonis,"Global / AirWatch Clients / India / Genpact / IBEX / IBEX Prod / Celonis"
DigitalHealthcare,"Global / AirWatch Clients / India / Genpact / IBEX / IBEX Prod / DigitalHealthcare"
Galderma,"Global / AirWatch Clients / India / Genpact / IBEX / IBEX Prod / Galderma"
IBEXViatrisService,"Global / AirWatch Clients / India / Genpact / IBEX / IBEX Prod / IBEXViatrisService"
IBEXBOKFService,"Global / AirWatch Clients / India / Genpact / IBEX / IBEX Prod / IBEXBOKFService"
Kellogg,"Global / AirWatch Clients / India / Genpact / IBEX / IBEX Prod / Kellogg"
Enquero,"Global / AirWatch Clients / India / Genpact / IBEX / IBEX Prod / Enquero"
"CIS-VersantHealth","Global / AirWatch Clients / India / Genpact / IBEX / NewCISPolicy / CIS-VersantHealth"
"CIS-CarlsonWagonlit","Global / AirWatch Clients / India / Genpact / IBEX / NewCISPolicy / CIS-CarlsonWagonlit"
"CIS-Entercom","Global / AirWatch Clients / India / Genpact / IBEX / NewCISPolicy / CIS-Entercom"
"CIS-Sysco","Global / AirWatch Clients / India / Genpact / IBEX / NewCISPolicy / CIS-Sysco"
"CIS-Astrazeneca","Global / AirWatch Clients / India / Genpact / IBEX / NewCISPolicy / CIS-Astrazeneca"
"CIS-TCFBank","Global / AirWatch Clients / India / Genpact / IBEX / NewCISPolicy / CIS-TCFBank"
DedHam,"Global / AirWatch Clients / India / Genpact / IBEX / IBEX Prod / DedHam"
"CIS-AxisCapital","Global / AirWatch Clients / India / Genpact / IBEX / NewCISPolicy / CIS-AxisCapital"
"CIS-Aetna","Global / AirWatch Clients / India / Genpact / IBEX / NewCISPolicy / CIS-Aetna"
"CIS-ManuLife","Global / AirWatch Clients / India / Genpact / IBEX / NewCISPolicy / CIS-ManuLife"
Savant,"Global / AirWatch Clients / India / Genpact / IBEX / IBEX Prod / Savant"
"CIS-WestPac","Global / AirWatch Clients / India / Genpact / IBEX / NewCISPolicy / CIS-WestPac"
"CIS-SIC","Global / AirWatch Clients / India / Genpact / IBEX / NewCISPolicy / CIS-SIC"
"CIS-AdvisorGroup","Global / AirWatch Clients / India / Genpact / IBEX / NewCISPolicy / CIS-AdvisorGroup"
"CIS-ABB","Global / AirWatch Clients / India / Genpact / IBEX / NewCISPolicy / CIS-ABB"
"CIS-MERS","Global / AirWatch Clients / India / Genpact / IBEX / NewCISPolicy / CIS-MERS"
"CIS-AFL","Global / AirWatch Clients / India / Genpact / IBEX / NewCISPolicy / CIS-AFL"
"CIS-Abinbev","Global / AirWatch Clients / India / Genpact / IBEX / NewCISPolicy / CIS-Abinbev"
"CIS-AMEX","Global / AirWatch Clients / India / Genpact / IBEX / NewCISPolicy / CIS-AMEX"
"CIS-AthenaVirence","Global / AirWatch Clients / India / Genpact / IBEX / NewCISPolicy / CIS-AthenaVirence"
"CIS-Armstrong","Global / AirWatch Clients / India / Genpact / IBEX / NewCISPolicy / CIS-Armstrong"
"CIS-Abbvie","Global / AirWatch Clients / India / Genpact / IBEX / NewCISPolicy / CIS-Abbvie"
"CIS-Bayer","Global / AirWatch Clients / India / Genpact / IBEX / NewCISPolicy / CIS-Bayer"
Northwestern,"Global / AirWatch Clients / India / Genpact / IBEX / IBEX Prod / Northwestern"
TreeHouseFoods,"Global / AirWatch Clients / India / Genpact / IBEX / IBEX Prod / TreeHouseFoods"
"CIS-BankofAmerica","Global / AirWatch Clients / India / Genpact / IBEX / NewCISPolicy / CIS-BankofAmerica"
"CIS-BECU","Global / AirWatch Clients / India / Genpact / IBEX / NewCISPolicy / CIS-BECU"
"CIS-Aryzta","Global / AirWatch Clients / India / Genpact / IBEX / NewCISPolicy / CIS-Aryzta"
"CIS-Ares","Global / AirWatch Clients / India / Genpact / IBEX / NewCISPolicy / CIS-Ares"
"CIS-BGIM","Global / AirWatch Clients / India / Genpact / IBEX / NewCISPolicy / CIS-BGIM"
"CIS-Anthem","Global / AirWatch Clients / India / Genpact / IBEX / NewCISPolicy / CIS-Anthem"
"CIS-Alcon","Global / AirWatch Clients / India / Genpact / IBEX / NewCISPolicy / CIS-Alcon"
"CIS-WPH","Global / AirWatch Clients / India / Genpact / IBEX / NewCISPolicy / CIS-WPH"
"CIS-AutoPlus","Global / AirWatch Clients / India / Genpact / IBEX / NewCISPolicy / CIS-AutoPlus"
"CIS-Aveva","Global / AirWatch Clients / India / Genpact / IBEX / NewCISPolicy / CIS-Aveva"
DPG,"Global / AirWatch Clients / India / Genpact / IBEX / IBEX Prod / DPG"
"CIS-Conagra","Global / AirWatch Clients / India / Genpact / IBEX / NewCISPolicy / CIS-Conagra"
Dentsply,"Global / AirWatch Clients / India / Genpact / IBEX / IBEX Prod / Dentsply"
"CIS-PhilAm","Global / AirWatch Clients / India / Genpact / IBEX / NewCISPolicy / CIS-PhilAm"
"CIS-Xylem","Global / AirWatch Clients / India / Genpact / IBEX / NewCISPolicy / CIS-Xylem"
"CIS-WPPJWTGTB","Global / AirWatch Clients / India / Genpact / IBEX / NewCISPolicy / CIS-WPPJWTGTB"
"CIS-USG","Global / AirWatch Clients / India / Genpact / IBEX / NewCISPolicy / CIS-USG"
"CIS-Brookfield","Global / AirWatch Clients / India / Genpact / IBEX / NewCISPolicy / CIS-Brookfield"
"CIS-Canon","Global / AirWatch Clients / India / Genpact / IBEX / NewCISPolicy / CIS-Canon"
"CIS-USSteel","Global / AirWatch Clients / India / Genpact / IBEX / NewCISPolicy / CIS-USSteel"
"CIS-Newell","Global / AirWatch Clients / India / Genpact / IBEX / NewCISPolicy / CIS-Newell"
"CIS-Byram","Global / AirWatch Clients / India / Genpact / IBEX / NewCISPolicy / CIS-Byram"
"CIS-Cision","Global / AirWatch Clients / India / Genpact / IBEX / NewCISPolicy / CIS-Cision"
"CIS-Voya","Global / AirWatch Clients / India / Genpact / IBEX / NewCISPolicy / CIS-Voya"
"CIS-WAM","Global / AirWatch Clients / India / Genpact / IBEX / NewCISPolicy / CIS-WAM"
"CIS-WilliamBlair","Global / AirWatch Clients / India / Genpact / IBEX / NewCISPolicy / CIS-WilliamBlair"
"CIS-CACIBParis","Global / AirWatch Clients / India / Genpact / IBEX / NewCISPolicy / CIS-CACIBParis"
"CIS-Carlsberg","Global / AirWatch Clients / India / Genpact / IBEX / NewCISPolicy / CIS-Carlsberg"
"CIS-BusinessPlatform","Global / AirWatch Clients / India / Genpact / IBEX / NewCISPolicy / CIS-BusinessPlatform"
"CIS-RLS","Global / AirWatch Clients / India / Genpact / IBEX / NewCISPolicy / CIS-RLS"
"CIS-Wesco","Global / AirWatch Clients / India / Genpact / IBEX / NewCISPolicy / CIS-Wesco"
"CIS-CIOX","Global / AirWatch Clients / India / Genpact / IBEX / NewCISPolicy / CIS-CIOX"
"CIS-Catalina","Global / AirWatch Clients / India / Genpact / IBEX / NewCISPolicy / CIS-Catalina"
"CIS-MTBank","Global / AirWatch Clients / India / Genpact / IBEX / NewCISPolicy / CIS-MTBank"
"CIS-UnitedBiscuits","Global / AirWatch Clients / India / Genpact / IBEX / NewCISPolicy / CIS-UnitedBiscuits"
"CIS-Starwood","Global / AirWatch Clients / India / Genpact / IBEX / NewCISPolicy / CIS-Starwood"
"CIS-WesternUnion","Global / AirWatch Clients / India / Genpact / IBEX / NewCISPolicy / CIS-WesternUnion"
"CIS-WeWork","Global / AirWatch Clients / India / Genpact / IBEX / NewCISPolicy / CIS-WeWork"
"CIS-MedPro","Global / AirWatch Clients / India / Genpact / IBEX / NewCISPolicy / CIS-MedPro"
"CIS-GlaxoSmithKline","Global / AirWatch Clients / India / Genpact / IBEX / NewCISPolicy / CIS-GlaxoSmithKline"
"CIS-Grizzard","Global / AirWatch Clients / India / Genpact / IBEX / NewCISPolicy / CIS-Grizzard"
"CIS-Coty","Global / AirWatch Clients / India / Genpact / IBEX / NewCISPolicy / CIS-Coty"
"CIS-Reeds","Global / AirWatch Clients / India / Genpact / IBEX / NewCISPolicy / CIS-Reeds"
"CIS-Powerfleet","Global / AirWatch Clients / India / Genpact / IBEX / NewCISPolicy / CIS-Powerfleet"
"CIS-DeanFoods","Global / AirWatch Clients / India / Genpact / IBEX / NewCISPolicy / CIS-DeanFoods"
"CIS-Jefferies","Global / AirWatch Clients / India / Genpact / IBEX / NewCISPolicy / CIS-Jefferies"
"CIS-InterNex","Global / AirWatch Clients / India / Genpact / IBEX / NewCISPolicy / CIS-InterNex"
"CIS-Astellas","Global / AirWatch Clients / India / Genpact / IBEX / NewCISPolicy / CIS-Astellas"
"CIS-Tango","Global / AirWatch Clients / India / Genpact / IBEX / NewCISPolicy / CIS-Tango"
"CIS-Covance","Global / AirWatch Clients / India / Genpact / IBEX / NewCISPolicy / CIS-Covance"
"CIS-BectonDeckinson","Global / AirWatch Clients / India / Genpact / IBEX / NewCISPolicy / CIS-BectonDeckinson"
"CIS-BoehringerIngelheim","Global / AirWatch Clients / India / Genpact / IBEX / NewCISPolicy / CIS-BoehringerIngelheim"
"CIS-McKesson","Global / AirWatch Clients / India / Genpact / IBEX / NewCISPolicy / CIS-McKesson"
"CIS-Nike","Global / AirWatch Clients / India / Genpact / IBEX / NewCISPolicy / CIS-Nike"
"CIS-Nexans","Global / AirWatch Clients / India / Genpact / IBEX / NewCISPolicy / CIS-Nexans"
"CIS-LW","Global / AirWatch Clients / India / Genpact / IBEX / NewCISPolicy / CIS-LW"
"CIS-Schneider","Global / AirWatch Clients / India / Genpact / IBEX / NewCISPolicy / CIS-Schneider"
"CIS-Covidien","Global / AirWatch Clients / India / Genpact / IBEX / NewCISPolicy / CIS-Covidien"
"CIS-eBay","Global / AirWatch Clients / India / Genpact / IBEX / NewCISPolicy / CIS-eBay"
"CIS-PublishingGRA","Global / AirWatch Clients / India / Genpact / IBEX / NewCISPolicy / CIS-PublishingGRA"
"CIS-RocketSoftware","Global / AirWatch Clients / India / Genpact / IBEX / NewCISPolicy / CIS-RocketSoftware"
"CIS-CME","Global / AirWatch Clients / India / Genpact / IBEX / NewCISPolicy / CIS-CME"
"CIS-LeggMason","Global / AirWatch Clients / India / Genpact / IBEX / NewCISPolicy / CIS-LeggMason"
"CIS-FederalMogul","Global / AirWatch Clients / India / Genpact / IBEX / NewCISPolicy / CIS-FederalMogul"
"CIS-DrReddys","Global / AirWatch Clients / India / Genpact / IBEX / NewCISPolicy / CIS-DrReddys"
"CIS-Stada","Global / AirWatch Clients / India / Genpact / IBEX / NewCISPolicy / CIS-Stada"
"CIS-McDonalds","Global / AirWatch Clients / India / Genpact / IBEX / NewCISPolicy / CIS-McDonalds"
"CIS-Ferring","Global / AirWatch Clients / India / Genpact / IBEX / NewCISPolicy / CIS-Ferring"
"CIS-Haier","Global / AirWatch Clients / India / Genpact / IBEX / NewCISPolicy / CIS-Haier"
"CIS-RobertShaw","Global / AirWatch Clients / India / Genpact / IBEX / NewCISPolicy / CIS-RobertShaw"
"CIS-Stericycle","Global / AirWatch Clients / India / Genpact / IBEX / NewCISPolicy / CIS-Stericycle"
"CIS-Tyson","Global / AirWatch Clients / India / Genpact / IBEX / NewCISPolicy / CIS-Tyson"
"CIS-Mars","Global / AirWatch Clients / India / Genpact / IBEX / NewCISPolicy / CIS-Mars"
"CIS-Brex","Global / AirWatch Clients / India / Genpact / IBEX / NewCISPolicy / CIS-Brex"
"CIS-Bose","Global / AirWatch Clients / India / Genpact / IBEX / NewCISPolicy / CIS-Bose"
"CIS-Sanoma","Global / AirWatch Clients / India / Genpact / IBEX / NewCISPolicy / CIS-Sanoma"
"CIS-Hertz","Global / AirWatch Clients / India / Genpact / IBEX / NewCISPolicy / CIS-Hertz"
"CIS-PartyCity","Global / AirWatch Clients / India / Genpact / IBEX / NewCISPolicy / CIS-PartyCity"
"CIS-DigitalRPADeveloper","Global / AirWatch Clients / India / Genpact / IBEX / NewCISPolicy / CIS-DigitalRPADeveloper"
"CIS-CSC","Global / AirWatch Clients / India / Genpact / IBEX / NewCISPolicy / CIS-CSC"
"CIS-SPXFlow","Global / AirWatch Clients / India / Genpact / IBEX / NewCISPolicy / CIS-SPXFlow"
"CIS-PayComAML","Global / AirWatch Clients / India / Genpact / IBEX / NewCISPolicy / CIS-PayComAML"
"CIS-NationalGeographicSociety","Global / AirWatch Clients / India / Genpact / IBEX / NewCISPolicy / CIS-NationalGeographicSociety"
"CIS-Clorox","Global / AirWatch Clients / India / Genpact / IBEX / NewCISPolicy / CIS-Clorox"
"CIS-Current","Global / AirWatch Clients / India / Genpact / IBEX / NewCISPolicy / CIS-Current"
"CIS-PacificLife","Global / AirWatch Clients / India / Genpact / IBEX / NewCISPolicy / CIS-PacificLife"
"CIS-ToyotaFinSer","Global / AirWatch Clients / India / Genpact / IBEX / NewCISPolicy / CIS-ToyotaFinSer"
"CIS-DirectEnergy","Global / AirWatch Clients / India / Genpact / IBEX / NewCISPolicy / CIS-DirectEnergy"
"CIS-NPI","Global / AirWatch Clients / India / Genpact / IBEX / NewCISPolicy / CIS-NPI"
"CIS-Radial","Global / AirWatch Clients / India / Genpact / IBEX / NewCISPolicy / CIS-Radial"
"CIS-Kantar","Global / AirWatch Clients / India / Genpact / IBEX / NewCISPolicy / CIS-Kantar"
"CIS-LMNAS","Global / AirWatch Clients / India / Genpact / IBEX / NewCISPolicy / CIS-LMNAS"
"CIS-GPT","Global / AirWatch Clients / India / Genpact / IBEX / NewCISPolicy / CIS-GPT"
"CIS-HESSCorporation","Global / AirWatch Clients / India / Genpact / IBEX / NewCISPolicy / CIS-HESSCorporation"
"CIS-NBA","Global / AirWatch Clients / India / Genpact / IBEX / NewCISPolicy / CIS-NBA"
"CIS-Gannett","Global / AirWatch Clients / India / Genpact / IBEX / NewCISPolicy / CIS-Gannett"
"CIS-LMGRS","Global / AirWatch Clients / India / Genpact / IBEX / NewCISPolicy / CIS-LMGRS"
"CIS-Mattel","Global / AirWatch Clients / India / Genpact / IBEX / NewCISPolicy / CIS-Mattel"
"CIS-Rainbird","Global / AirWatch Clients / India / Genpact / IBEX / NewCISPolicy / CIS-Rainbird"
"CIS-ICE","Global / AirWatch Clients / India / Genpact / IBEX / NewCISPolicy / CIS-ICE"
"CIS-Bombardier","Global / AirWatch Clients / India / Genpact / IBEX / NewCISPolicy / CIS-Bombardier"
"CIS-FelixHorizon","Global / AirWatch Clients / India / Genpact / IBEX / NewCISPolicy / CIS-FelixHorizon"
"CIS-Eisai","Global / AirWatch Clients / India / Genpact / IBEX / NewCISPolicy / CIS-Eisai"
"CIS-Otsuka","Global / AirWatch Clients / India / Genpact / IBEX / NewCISPolicy / CIS-Otsuka"
"CIS-ElementFinancial","Global / AirWatch Clients / India / Genpact / IBEX / NewCISPolicy / CIS-ElementFinancial"
"CIS-Boston","Global / AirWatch Clients / India / Genpact / IBEX / NewCISPolicy / CIS-Boston"
"CIS-IPB","Global / AirWatch Clients / India / Genpact / IBEX / NewCISPolicy / CIS-IPB"
"CIS-PG","Global / AirWatch Clients / India / Genpact / IBEX / NewCISPolicy / CIS-PG"
"CIS-CorpSharedServices","Global / AirWatch Clients / India / Genpact / IBEX / NewCISPolicy / CIS-CorpSharedServices"
"CIS-Etrade","Global / AirWatch Clients / India / Genpact / IBEX / NewCISPolicy / CIS-Etrade"
"CIS-Heineken","Global / AirWatch Clients / India / Genpact / IBEX / NewCISPolicy / CIS-Heineken"
"CIS-Danone","Global / AirWatch Clients / India / Genpact / IBEX / NewCISPolicy / CIS-Danone"
"CIS-CreditSuisse","Global / AirWatch Clients / India / Genpact / IBEX / NewCISPolicy / CIS-CreditSuisse"
"CIS-Zentiva","Global / AirWatch Clients / India / Genpact / IBEX / NewCISPolicy / CIS-Zentiva"
"CIS-LiveKindly","Global / AirWatch Clients / India / Genpact / IBEX / NewCISPolicy / CIS-LiveKindly"
"CIS-INGKYC","Global / AirWatch Clients / India / Genpact / IBEX / NewCISPolicy / CIS-INGKYC"
"CIS-LamResearch","Global / AirWatch Clients / India / Genpact / IBEX / NewCISPolicy / CIS-LamResearch"
"CIS-Olympus","Global / AirWatch Clients / India / Genpact / IBEX / NewCISPolicy / CIS-Olympus"
"CIS-LPIAXA","Global / AirWatch Clients / India / Genpact / IBEX / NewCISPolicy / CIS-LPIAXA"
"CIS-DigitalBPM","Global / AirWatch Clients / India / Genpact / IBEX / NewCISPolicy / CIS-DigitalBPM"
"CIS-SRN","Global / AirWatch Clients / India / Genpact / IBEX / NewCISPolicy / CIS-SRN"
"CIS-TIP","Global / AirWatch Clients / India / Genpact / IBEX / NewCISPolicy / CIS-TIP"
"CIS-HDSupply","Global / AirWatch Clients / India / Genpact / IBEX / NewCISPolicy / CIS-HDSupply"
"CIS-NBS","Global / AirWatch Clients / India / Genpact / IBEX / NewCISPolicy / CIS-NBS"
"CIS-RiskCanvas","Global / AirWatch Clients / India / Genpact / IBEX / NewCISPolicy / CIS-RiskCanvas"
"CIS-KeyBank","Global / AirWatch Clients / India / Genpact / IBEX / NewCISPolicy / CIS-KeyBank"
"CIS-DixonsCarphone","Global / AirWatch Clients / India / Genpact / IBEX / NewCISPolicy / CIS-DixonsCarphone"
"CIS-NAB","Global / AirWatch Clients / India / Genpact / IBEX / NewCISPolicy / CIS-NAB"
"CIS-DigitalHealthcare","Global / AirWatch Clients / India / Genpact / IBEX / NewCISPolicy / CIS-DigitalHealthcare"
"CIS-TreeHouseFoods","Global / AirWatch Clients / India / Genpact / IBEX / NewCISPolicy / CIS-TreeHouseFoods"
"CIS-Savant","Global / AirWatch Clients / India / Genpact / IBEX / NewCISPolicy / CIS-Savant"
"CIS-Kellogg","Global / AirWatch Clients / India / Genpact / IBEX / NewCISPolicy / CIS-Kellogg"
"CIS-ICICI","Global / AirWatch Clients / India / Genpact / IBEX / NewCISPolicy / CIS-ICICI"
"CIS-OpenWealth","Global / AirWatch Clients / India / Genpact / IBEX / NewCISPolicy / CIS-OpenWealth"
"CIS-EsteeLauder","Global / AirWatch Clients / India / Genpact / IBEX / NewCISPolicy / CIS-EsteeLauder"
"CIS-Zurich","Global / AirWatch Clients / India / Genpact / IBEX / NewCISPolicy / CIS-Zurich"
"CIS-PayPal","Global / AirWatch Clients / India / Genpact / IBEX / NewCISPolicy / CIS-PayPal"
"CIS-Kone","Global / AirWatch Clients / India / Genpact / IBEX / NewCISPolicy / CIS-Kone"
"CIS-Synchrony","Global / AirWatch Clients / India / Genpact / IBEX / NewCISPolicy / CIS-Synchrony"
"CIS-MUFG","Global / AirWatch Clients / India / Genpact / IBEX / NewCISPolicy / CIS-MUFG"
"CIS-TCCC","Global / AirWatch Clients / India / Genpact / IBEX / NewCISPolicy / CIS-TCCC"
"CIS-SCI","Global / AirWatch Clients / India / Genpact / IBEX / NewCISPolicy / CIS-SCI"
"CIS-RFIB","Global / AirWatch Clients / India / Genpact / IBEX / NewCISPolicy / CIS-RFIB"
"CIS-Dentsply","Global / AirWatch Clients / India / Genpact / IBEX / NewCISPolicy / CIS-Dentsply"
"CIS-INNIO","Global / AirWatch Clients / India / Genpact / IBEX / NewCISPolicy / CIS-INNIO"
"CIS-KonikaMinolta","Global / AirWatch Clients / India / Genpact / IBEX / NewCISPolicy / CIS-KonikaMinolta"
"CIS-Galderma","Global / AirWatch Clients / India / Genpact / IBEX / NewCISPolicy / CIS-Galderma"
"CIS-Enquero","Global / AirWatch Clients / India / Genpact / IBEX / NewCISPolicy / CIS-Enquero"
"CIS-Northwestern","Global / AirWatch Clients / India / Genpact / IBEX / NewCISPolicy / CIS-Northwestern"
"CIS-DPG","Global / AirWatch Clients / India / Genpact / IBEX / NewCISPolicy / CIS-DPG"
"CIS-DedHam","Global / AirWatch Clients / India / Genpact / IBEX / NewCISPolicy / CIS-DedHam"
"CIS-LFS","Global / AirWatch Clients / India / Genpact / IBEX / NewCISPolicy / CIS-LFS"
"CIS-Aspen","Global / AirWatch Clients / India / Genpact / IBEX / NewCISPolicy / CIS-Aspen"
"CIS-HRBlock","Global / AirWatch Clients / India / Genpact / IBEX / NewCISPolicy / CIS-HRBlock"
"CIS-Beiersdorf","Global / AirWatch Clients / India / Genpact / IBEX / NewCISPolicy / CIS-Beiersdorf"
"CIS-Citi","Global / AirWatch Clients / India / Genpact / IBEX / NewCISPolicy / CIS-Citi"
"CIS-Honeywell","Global / AirWatch Clients / India / Genpact / IBEX / NewCISPolicy / CIS-Honeywell"
"CIS-BakerHughes","Global / AirWatch Clients / India / Genpact / IBEX / NewCISPolicy / CIS-BakerHughes"
NarayanaBabu,"Global / AirWatch Clients / India / Genpact / IBEX / IBEX Prod / TRAINING / NarayanaBabu"
"CIS-SunPower","Global / AirWatch Clients / India / Genpact / IBEX / NewCISPolicy / CIS-SunPower"
"CIS-Sofi","Global / AirWatch Clients / India / Genpact / IBEX / NewCISPolicy / CIS-Sofi"
"CIS-Narayanababu","Global / AirWatch Clients / India / Genpact / IBEX / NewCISPolicy / CIS-Training / CIS-Narayanababu"
"CIS-Nextiva","Global / AirWatch Clients / India / Genpact / IBEX / NewCISPolicy / CIS-Nextiva"
"CIS-PrattWhitney","Global / AirWatch Clients / India / Genpact / IBEX / NewCISPolicy / CIS-PrattWhitney"
"Digital Visitor System","Global / AirWatch Clients / India / Genpact / Digital Visitor System"
"CIS-Hoag","Global / AirWatch Clients / India / Genpact / IBEX / NewCISPolicy / CIS-Hoag"
"CIS-Intuitive","Global / AirWatch Clients / India / Genpact / IBEX / NewCISPolicy / CIS-Intuitive"
"CIS-ByteDance","Global / AirWatch Clients / India / Genpact / IBEX / NewCISPolicy / CIS-ByteDance"
"CIS-Talcott","Global / AirWatch Clients / India / Genpact / IBEX / NewCISPolicy / CIS-Talcott"
"CIS-SummitHealth","Global / AirWatch Clients / India / Genpact / IBEX / NewCISPolicy / CIS-SummitHealth"
"CIS-Eaton","Global / AirWatch Clients / India / Genpact / IBEX / NewCISPolicy / CIS-Eaton"
"CIS-Bolttech","Global / AirWatch Clients / India / Genpact / IBEX / NewCISPolicy / CIS-Bolttech"
"CIS-Kiosk","Global / AirWatch Clients / India / Genpact / IBEX / NewCISPolicy / CIS-Kiosk"
UAGtest,"Global / AirWatch Clients / India / Genpact / UAGtest"
"CIS-Haleon","Global / AirWatch Clients / India / Genpact / IBEX / NewCISPolicy / CIS-Haleon"
"CIS-Cantor","Global / AirWatch Clients / India / Genpact / IBEX / NewCISPolicy / CIS-Cantor"
"Genpact-USA","Global / AirWatch Clients / India / Genpact / Genpact-USA"
Genpact,"Global / AirWatch Clients / India / Genpact"
"Oasis Laptops","Global / AirWatch Clients / India / Genpact / Oasis Laptops"
Cardinal,"Global / AirWatch Clients / India / Genpact / IBEX / IBEX Prod / Cardinal"
"Wells Fargo","Global / AirWatch Clients / India / Genpact / IBEX / IBEX Prod / Wells Fargo"
Aon,"Global / AirWatch Clients / India / Genpact / IBEX / IBEX Prod / Aon"
SwissRe,"Global / AirWatch Clients / India / Genpact / IBEX / IBEX Prod / SwissRe"
AxisCollections,"Global / AirWatch Clients / India / Genpact / IBEX / IBEX Prod / AxisCollections"
Avon,"Global / AirWatch Clients / India / Genpact / IBEX / IBEX Prod / Avon"
Suncorp,"Global / AirWatch Clients / India / Genpact / IBEX / IBEX Prod / Suncorp"
RSA,"Global / AirWatch Clients / India / Genpact / IBEX / IBEX Prod / RSA"
Yokogawa,"Global / AirWatch Clients / India / Genpact / IBEX / IBEX Prod / Yokogawa"
KraftHeinz,"Global / AirWatch Clients / India / Genpact / IBEX / IBEX Prod / KraftHeinz"
Chubb,"Global / AirWatch Clients / India / Genpact / IBEX / IBEX Prod / Chubb"
CCBSS,"Global / AirWatch Clients / India / Genpact / IBEX / IBEX Prod / CCBSS"
CBRE,"Global / AirWatch Clients / India / Genpact / IBEX / IBEX Prod / CBRE"
BDF,"Global / AirWatch Clients / India / Genpact / IBEX / IBEX Prod / BDF"
UPM,"Global / AirWatch Clients / India / Genpact / IBEX / IBEX Prod / UPM"
NHL,"Global / AirWatch Clients / India / Genpact / IBEX / IBEX Prod / NHL"
MHI,"Global / AirWatch Clients / India / Genpact / IBEX / IBEX Prod / MHI"
KMT,"Global / AirWatch Clients / India / Genpact / IBEX / IBEX Prod / KMT"
Amgen,"Global / AirWatch Clients / India / Genpact / IBEX / IBEX Prod / Amgen"
Baxter,"Global / AirWatch Clients / India / Genpact / IBEX / IBEX Prod / Baxter"
Zimmer,"Global / AirWatch Clients / India / Genpact / IBEX / IBEX Prod / Zimmer"
Accor,"Global / AirWatch Clients / India / Genpact / IBEX / IBEX Prod / Accor"
WillisTowersWatson,"Global / AirWatch Clients / India / Genpact / IBEX / IBEX Prod / WillisTowersWatson"
Cartus,"Global / AirWatch Clients / India / Genpact / IBEX / IBEX Prod / Cartus"
Mitie,"Global / AirWatch Clients / India / Genpact / IBEX / IBEX Prod / Mitie"
Hilton,"Global / AirWatch Clients / India / Genpact / IBEX / IBEX Prod / Hilton"
WPPGray,"Global / AirWatch Clients / India / Genpact / IBEX / IBEX Prod / WPPGray"
Genworth,"Global / AirWatch Clients / India / Genpact / IBEX / IBEX Prod / Genworth"
Travelers,"Global / AirWatch Clients / India / Genpact / IBEX / IBEX Prod / Travelers"
HarvestSherwood,"Global / AirWatch Clients / India / Genpact / IBEX / IBEX Prod / HarvestSherwood"
Cigna,"Global / AirWatch Clients / India / Genpact / IBEX / IBEX Prod / Cigna"
OwensCorning,"Global / AirWatch Clients / India / Genpact / IBEX / IBEX Prod / OwensCorning"
LyondellBasell,"Global / AirWatch Clients / India / Genpact / IBEX / IBEX Prod / LyondellBasell"
Walgreens,"Global / AirWatch Clients / India / Genpact / IBEX / IBEX Prod / Walgreens"
Bupa,"Global / AirWatch Clients / India / Genpact / IBEX / IBEX Prod / Bupa"
CapitalOne,"Global / AirWatch Clients / India / Genpact / IBEX / IBEX Prod / CapitalOne"
Brightclaim,"Global / AirWatch Clients / India / Genpact / IBEX / IBEX Prod / Brightclaim"
AholdDelhaize,"Global / AirWatch Clients / India / Genpact / IBEX / IBEX Prod / AholdDelhaize"
Amherst,"Global / AirWatch Clients / India / Genpact / IBEX / IBEX Prod / Amherst"
NewDay,"Global / AirWatch Clients / India / Genpact / IBEX / IBEX Prod / NewDay"
GoDaddy,"Global / AirWatch Clients / India / Genpact / IBEX / IBEX Prod / GoDaddy"
MHE,"Global / AirWatch Clients / India / Genpact / IBEX / IBEX Prod / MHE"
MoneyMart,"Global / AirWatch Clients / India / Genpact / IBEX / IBEX Prod / MoneyMart"
"Russell Investments","Global / AirWatch Clients / India / Genpact / IBEX / IBEX Prod / Russell Investments"
Aptiv,"Global / AirWatch Clients / India / Genpact / IBEX / IBEX Prod / Aptiv"
JSS,"Global / AirWatch Clients / India / Genpact / IBEX / IBEX Prod / JSS"
BMO,"Global / AirWatch Clients / India / Genpact / IBEX / IBEX Prod / BMO"
Alexion,"Global / AirWatch Clients / India / Genpact / IBEX / IBEX Prod / Alexion"
Walmart,"Global / AirWatch Clients / India / Genpact / IBEX / IBEX Prod / Walmart"
CNHi,"Global / AirWatch Clients / India / Genpact / IBEX / IBEX Prod / CNHi"
Abbott,"Global / AirWatch Clients / India / Genpact / IBEX / IBEX Prod / Abbott"
HSBC,"Global / AirWatch Clients / India / Genpact / IBEX / IBEX Prod / HSBC"
TEConnectivity,"Global / AirWatch Clients / India / Genpact / IBEX / IBEX Prod / TEConnectivity"
IngramMicro,"Global / AirWatch Clients / India / Genpact / IBEX / IBEX Prod / IngramMicro"
KPSnacks,"Global / AirWatch Clients / India / Genpact / IBEX / IBEX Prod / KPSnacks"
Intel,"Global / AirWatch Clients / India / Genpact / IBEX / IBEX Prod / Intel"
CCBSA,"Global / AirWatch Clients / India / Genpact / IBEX / IBEX Prod / CCBSA"
LSM,"Global / AirWatch Clients / India / Genpact / IBEX / IBEX Prod / LSM"
DentsuAegis,"Global / AirWatch Clients / India / Genpact / IBEX / IBEX Prod / DentsuAegis"
Mondelez,"Global / AirWatch Clients / India / Genpact / IBEX / IBEX Prod / Mondelez"
Ecolab,"Global / AirWatch Clients / India / Genpact / IBEX / IBEX Prod / Ecolab"
UCB,"Global / AirWatch Clients / India / Genpact / IBEX / IBEX Prod / UCB"
Huntsman,"Global / AirWatch Clients / India / Genpact / IBEX / IBEX Prod / Huntsman"
KimberlyClark,"Global / AirWatch Clients / India / Genpact / IBEX / IBEX Prod / KimberlyClark"
Unilever,"Global / AirWatch Clients / India / Genpact / IBEX / IBEX Prod / Unilever"
Masonite,"Global / AirWatch Clients / India / Genpact / IBEX / IBEX Prod / Masonite"
SPGlobal,"Global / AirWatch Clients / India / Genpact / IBEX / IBEX Prod / SPGlobal"
Panasonic,"Global / AirWatch Clients / India / Genpact / IBEX / IBEX Prod / Panasonic"
Boeing,"Global / AirWatch Clients / India / Genpact / IBEX / IBEX Prod / Boeing"
CFG,"Global / AirWatch Clients / India / Genpact / IBEX / IBEX Prod / CFG"
DollarGeneral,"Global / AirWatch Clients / India / Genpact / IBEX / IBEX Prod / DollarGeneral"
ThomsonReuters,"Global / AirWatch Clients / India / Genpact / IBEX / IBEX Prod / ThomsonReuters"
DocMan,"Global / AirWatch Clients / India / Genpact / IBEX / IBEX Prod / DocMan"
"HoneyBadger_PDO_BI","Global / AirWatch Clients / India / Genpact / IBEX / IBEX Prod / HoneyBadger / HoneyBadger_PDO_BI"
Hitachi,"Global / AirWatch Clients / India / Genpact / IBEX / IBEX Prod / Hitachi"
Sanofi,"Global / AirWatch Clients / India / Genpact / IBEX / IBEX Prod / Sanofi"
Humana,"Global / AirWatch Clients / India / Genpact / IBEX / IBEX Prod / Humana"
Antares,"Global / AirWatch Clients / India / Genpact / IBEX / IBEX Prod / Antares"
Merck,"Global / AirWatch Clients / India / Genpact / IBEX / IBEX Prod / Merck"
SuezWater,"Global / AirWatch Clients / India / Genpact / IBEX / IBEX Prod / SuezWater"
ReckittBenckiser,"Global / AirWatch Clients / India / Genpact / IBEX / IBEX Prod / ReckittBenckiser"
DelphiTechnology,"Global / AirWatch Clients / India / Genpact / IBEX / IBEX Prod / DelphiTechnology"
Kodak,"Global / AirWatch Clients / India / Genpact / IBEX / IBEX Prod / Kodak"
COXCommunication,"Global / AirWatch Clients / India / Genpact / IBEX / IBEX Prod / COXCommunication"
NBCU,"Global / AirWatch Clients / India / Genpact / IBEX / IBEX Prod / NBCU"
DixonCarPhoneCPW,"Global / AirWatch Clients / India / Genpact / IBEX / IBEX Prod / DixonCarPhoneCPW"
Hyatt,"Global / AirWatch Clients / India / Genpact / IBEX / IBEX Prod / Hyatt"
TDBank,"Global / AirWatch Clients / India / Genpact / IBEX / IBEX Prod / TDBank"
FINRA,"Global / AirWatch Clients / India / Genpact / IBEX / IBEX Prod / FINRA"
BlackSwan,"Global / AirWatch Clients / India / Genpact / IBEX / IBEX Prod / BlackSwan"
PacificInvestment,"Global / AirWatch Clients / India / Genpact / IBEX / IBEX Prod / PacificInvestment"
SuncorpPHP,"Global / AirWatch Clients / India / Genpact / IBEX / IBEX Prod / SuncorpPHP"
Ally,"Global / AirWatch Clients / India / Genpact / IBEX / IBEX Prod / Ally"
GoldmanSachs,"Global / AirWatch Clients / India / Genpact / IBEX / IBEX Prod / GoldmanSachs"
Takeda,"Global / AirWatch Clients / India / Genpact / IBEX / IBEX Prod / Takeda"
AxisInbound,"Global / AirWatch Clients / India / Genpact / IBEX / IBEX Prod / AxisInbound"
IRI,"Global / AirWatch Clients / India / Genpact / IBEX / IBEX Prod / IRI"
"HoneyBadger_PDO_BI_GCC","Global / AirWatch Clients / India / Genpact / IBEX / IBEX Prod / HoneyBadger / HoneyBadger_PDO_BI / HoneyBadger_PDO_BI_GCC"
ALS,"Global / AirWatch Clients / India / Genpact / IBEX / IBEX Prod / ALS"
Penske,"Global / AirWatch Clients / India / Genpact / IBEX / IBEX Prod / Penske"
LeaseDimension,"Global / AirWatch Clients / India / Genpact / IBEX / IBEX Prod / LeaseDimension"
MorganStanley,"Global / AirWatch Clients / India / Genpact / IBEX / IBEX Prod / MorganStanley"
Nissan,"Global / AirWatch Clients / India / Genpact / IBEX / IBEX Prod / Nissan"
GMF,"Global / AirWatch Clients / India / Genpact / IBEX / IBEX Prod / GMF"
BlueTic,"Global / AirWatch Clients / India / Genpact / IBEX / IBEX Prod / BlueTic"
Elanco,"Global / AirWatch Clients / India / Genpact / IBEX / IBEX Prod / Elanco"
WEX,"Global / AirWatch Clients / India / Genpact / IBEX / IBEX Prod / WEX"
CVSCaremark,"Global / AirWatch Clients / India / Genpact / IBEX / IBEX Prod / CVSCaremark"
Brambles,"Global / AirWatch Clients / India / Genpact / IBEX / IBEX Prod / Brambles"
ERC,"Global / AirWatch Clients / India / Genpact / IBEX / IBEX Prod / ERC"
Disney,"Global / AirWatch Clients / India / Genpact / IBEX / IBEX Prod / Disney"
HartreePartnersLP,"Global / AirWatch Clients / India / Genpact / IBEX / IBEX Prod / HartreePartnersLP"
RMS,"Global / AirWatch Clients / India / Genpact / IBEX / IBEX Prod / RMS"
ExpressScripts,"Global / AirWatch Clients / India / Genpact / IBEX / IBEX Prod / ExpressScripts"
ChaseCooper,"Global / AirWatch Clients / India / Genpact / IBEX / IBEX Prod / ChaseCooper"
Sabic,"Global / AirWatch Clients / India / Genpact / IBEX / IBEX Prod / Sabic"
JJ,"Global / AirWatch Clients / India / Genpact / IBEX / IBEX Prod / JJ"
ProjectJason,"Global / AirWatch Clients / India / Genpact / IBEX / IBEX Prod / ProjectJason"
ArielRe,"Global / AirWatch Clients / India / Genpact / IBEX / IBEX Prod / ArielRe"
Terraform,"Global / AirWatch Clients / India / Genpact / IBEX / IBEX Prod / Terraform"
Norgine,"Global / AirWatch Clients / India / Genpact / IBEX / IBEX Prod / Norgine"
WilliamsScotsman,"Global / AirWatch Clients / India / Genpact / IBEX / IBEX Prod / WilliamsScotsman"
Macquarie,"Global / AirWatch Clients / India / Genpact / IBEX / IBEX Prod / Macquarie"
FHLB,"Global / AirWatch Clients / India / Genpact / IBEX / IBEX Prod / FHLB"
Fenergo,"Global / AirWatch Clients / India / Genpact / IBEX / IBEX Prod / Fenergo"
EquiLendHoldingsLLC,"Global / AirWatch Clients / India / Genpact / IBEX / IBEX Prod / EquiLendHoldingsLLC"
GreenDot,"Global / AirWatch Clients / India / Genpact / IBEX / IBEX Prod / GreenDot"
JDF,"Global / AirWatch Clients / India / Genpact / IBEX / IBEX Prod / JDF"
NomuraHoldingsInc,"Global / AirWatch Clients / India / Genpact / IBEX / IBEX Prod / NomuraHoldingsInc"
Cetera,"Global / AirWatch Clients / India / Genpact / IBEX / IBEX Prod / Cetera"
CIT,"Global / AirWatch Clients / India / Genpact / IBEX / IBEX Prod / CIT"
Bawag,"Global / AirWatch Clients / India / Genpact / IBEX / IBEX Prod / Bawag"
GE,"Global / AirWatch Clients / India / Genpact / IBEX / IBEX Prod / GE"
ZoomRoom,"Global / AirWatch Clients / India / Genpact / ZoomRoom"
BainCapital,"Global / AirWatch Clients / India / Genpact / IBEX / IBEX Prod / BainCapital"
Jawood,"Global / AirWatch Clients / India / Genpact / IBEX / IBEX Prod / Jawood"
PGS,"Global / AirWatch Clients / India / Genpact / IBEX / IBEX Prod / PGS"
Kennametal,"Global / AirWatch Clients / India / Genpact / IBEX / IBEX Prod / Kennametal"
GlobalJet,"Global / AirWatch Clients / India / Genpact / IBEX / IBEX Prod / GlobalJet"
Zoetis,"Global / AirWatch Clients / India / Genpact / IBEX / IBEX Prod / Zoetis"
WBA,"Global / AirWatch Clients / India / Genpact / IBEX / IBEX Prod / WBA"
GRS,"Global / AirWatch Clients / India / Genpact / IBEX / IBEX Prod / GRS"
ADM,"Global / AirWatch Clients / India / Genpact / IBEX / IBEX Prod / ADM"
LMSNGEN,"Global / AirWatch Clients / India / Genpact / IBEX / IBEX Prod / LMSNGEN"
Demantra,"Global / AirWatch Clients / India / Genpact / IBEX / IBEX Prod / Demantra"
BenchITS,"Global / AirWatch Clients / India / Genpact / IBEX / IBEX Prod / BenchITS"
BCGLMS,"Global / AirWatch Clients / India / Genpact / IBEX / IBEX Prod / BCGLMS"
UBS,"Global / AirWatch Clients / India / Genpact / IBEX / IBEX Prod / UBS"
ADBPMQA,"Global / AirWatch Clients / India / Genpact / IBEX / IBEX Prod / ADBPMQA"
ADBBDO,"Global / AirWatch Clients / India / Genpact / IBEX / IBEX Prod / ADBBDO"
DigitalCMVOCR,"Global / AirWatch Clients / India / Genpact / IBEX / IBEX Prod / DigitalCMVOCR"
SpiritAeroSystems,"Global / AirWatch Clients / India / Genpact / IBEX / IBEX Prod / SpiritAeroSystems"
Carrier,"Global / AirWatch Clients / India / Genpact / IBEX / IBEX Prod / Carrier"
Symantec,"Global / AirWatch Clients / India / Genpact / IBEX / IBEX Prod / Symantec"
Marzetti,"Global / AirWatch Clients / India / Genpact / IBEX / IBEX Prod / Marzetti"
NTTData,"Global / AirWatch Clients / India / Genpact / IBEX / IBEX Prod / NTTData"
Momentive,"Global / AirWatch Clients / India / Genpact / IBEX / IBEX Prod / Momentive"
Massmart,"Global / AirWatch Clients / India / Genpact / IBEX / IBEX Prod / Massmart"
COBank,"Global / AirWatch Clients / India / Genpact / IBEX / IBEX Prod / COBank"
DollarFinancialGlobal,"Global / AirWatch Clients / India / Genpact / IBEX / IBEX Prod / DollarFinancialGlobal"
Axiom,"Global / AirWatch Clients / India / Genpact / IBEX / IBEX Prod / Axiom"
FactoFrance,"Global / AirWatch Clients / India / Genpact / IBEX / IBEX Prod / FactoFrance"
Tenneco,"Global / AirWatch Clients / India / Genpact / IBEX / IBEX Prod / Tenneco"
ElementSolutions,"Global / AirWatch Clients / India / Genpact / IBEX / IBEX Prod / ElementSolutions"
Criteo,"Global / AirWatch Clients / India / Genpact / IBEX / IBEX Prod / Criteo"
Pfizer,"Global / AirWatch Clients / India / Genpact / IBEX / IBEX Prod / Pfizer"
Gilead,"Global / AirWatch Clients / India / Genpact / IBEX / IBEX Prod / Gilead"
Lokesh,"Global / AirWatch Clients / India / Genpact / IBEX / IBEX Prod / TRAINING / Lokesh"
"BOTS-VM","Global / AirWatch Clients / India / Genpact / BOTS-VM"
Bridgewater,"Global / AirWatch Clients / India / Genpact / IBEX / IBEX Prod / Bridgewater"
Cytiva,"Global / AirWatch Clients / India / Genpact / IBEX / IBEX Prod / Cytiva"
Santander,"Global / AirWatch Clients / India / Genpact / IBEX / IBEX Prod / Santander"
Harsco,"Global / AirWatch Clients / India / Genpact / IBEX / IBEX Prod / Harsco"
"WestPAC IN","Global / AirWatch Clients / India / Genpact / IBEX / IBEX Dev / Sample Policy Setup / WestPAC / WestPAC IN"
Daimler,"Global / AirWatch Clients / India / Genpact / IBEX / IBEX Prod / Daimler"
Endo,"Global / AirWatch Clients / India / Genpact / IBEX / IBEX Prod / Endo"
Wabtec,"Global / AirWatch Clients / India / Genpact / IBEX / IBEX Prod / Wabtec"
RalphLauren,"Global / AirWatch Clients / India / Genpact / IBEX / IBEX Prod / RalphLauren"
Asahi,"Global / AirWatch Clients / India / Genpact / IBEX / IBEX Prod / Asahi"
"HoneyBadger_DevOPS","Global / AirWatch Clients / India / Genpact / IBEX / IBEX Prod / HoneyBadger / HoneyBadger_DevOPS"
SAPMDG,"Global / AirWatch Clients / India / Genpact / IBEX / IBEX Prod / SAPMDG"
"IBEX TESTNewEnroll","Global / AirWatch Clients / India / Genpact / IBEX / IBEX Dev / IBEX TESTNewEnroll"
CVSHealth,"Global / AirWatch Clients / India / Genpact / IBEX / IBEX Prod / CVSHealth"
FIS,"Global / AirWatch Clients / India / Genpact / IBEX / IBEX Prod / FIS"
"HoneyBadger_DevOps_iOS","Global / AirWatch Clients / India / Genpact / IBEX / IBEX Prod / HoneyBadger / HoneyBadger_DevOPS / HoneyBadger_DevOps_iOS"
"HoneyBadger_DevOps_Android","Global / AirWatch Clients / India / Genpact / IBEX / IBEX Prod / HoneyBadger / HoneyBadger_DevOPS / HoneyBadger_DevOps_Android"
Organon,"Global / AirWatch Clients / India / Genpact / IBEX / IBEX Prod / Organon"
"IBEX Test CIS Baseline","Global / AirWatch Clients / India / Genpact / IBEX / IBEX Dev / IBEX Test CIS Baseline"
"IBEX-Test-CIS-HoneyBadger","Global / AirWatch Clients / India / Genpact / IBEX / IBEX Dev / IBEX Test CIS Baseline / IBEX-Test-CIS-HoneyBadger"
"IBEX-Test-CIS-LeaseDimension","Global / AirWatch Clients / India / Genpact / IBEX / IBEX Dev / IBEX Test CIS Baseline / IBEX-Test-CIS-LeaseDimension"
"IBEX UAT","Global / AirWatch Clients / India / Genpact / IBEX / IBEX UAT"
"IBEX-Test-CIS-HB","Global / AirWatch Clients / India / Genpact / IBEX / IBEX Dev / IBEX Test CIS Baseline / IBEX-Test-CIS-HB"
"CIS-DollarGeneral","Global / AirWatch Clients / India / Genpact / IBEX / NewCISPolicy / CIS-DollarGeneral"
"CIS-GoldmanSachs","Global / AirWatch Clients / India / Genpact / IBEX / NewCISPolicy / CIS-GoldmanSachs"
"CIS-Wells Fargo","Global / AirWatch Clients / India / Genpact / IBEX / NewCISPolicy / CIS-Wells Fargo"
Viatris,"Global / AirWatch Clients / India / Genpact / IBEX / IBEX Prod / Viatris"
BOKF,"Global / AirWatch Clients / India / Genpact / IBEX / IBEX Prod / BOKF"
"CIS-HoneyBadger","Global / AirWatch Clients / India / Genpact / IBEX / NewCISPolicy / CIS-HoneyBadger"
"CIS-Abbott","Global / AirWatch Clients / India / Genpact / IBEX / NewCISPolicy / CIS-Abbott"
"CIS-Avon","Global / AirWatch Clients / India / Genpact / IBEX / NewCISPolicy / CIS-Avon"
"CIS-Walmart","Global / AirWatch Clients / India / Genpact / IBEX / NewCISPolicy / CIS-Walmart"
"CIS-Alexion","Global / AirWatch Clients / India / Genpact / IBEX / NewCISPolicy / CIS-Alexion"
"CIS-BOTS","Global / AirWatch Clients / India / Genpact / IBEX / NewCISPolicy / CIS-BOTS"
DigitizationCMIT,"Global / AirWatch Clients / India / Genpact / IBEX / IBEX Prod / DigitizationCMIT"
"CIS-Penske","Global / AirWatch Clients / India / Genpact / IBEX / NewCISPolicy / CIS-Penske"
"CIS-GE","Global / AirWatch Clients / India / Genpact / IBEX / NewCISPolicy / CIS-GE"
"CIS-WEX","Global / AirWatch Clients / India / Genpact / IBEX / NewCISPolicy / CIS-WEX"
"CIS-Masonite","Global / AirWatch Clients / India / Genpact / IBEX / NewCISPolicy / CIS-Masonite"
"CIS-KraftHeinz","Global / AirWatch Clients / India / Genpact / IBEX / NewCISPolicy / CIS-KraftHeinz"
"CIS-Mondelez","Global / AirWatch Clients / India / Genpact / IBEX / NewCISPolicy / CIS-Mondelez"
"CIS-Chubb","Global / AirWatch Clients / India / Genpact / IBEX / NewCISPolicy / CIS-Chubb"
"CIS-Brambles","Global / AirWatch Clients / India / Genpact / IBEX / NewCISPolicy / CIS-Brambles"
"CIS-NHL","Global / AirWatch Clients / India / Genpact / IBEX / NewCISPolicy / CIS-NHL"
Venbrook,"Global / AirWatch Clients / India / Genpact / IBEX / IBEX Prod / Venbrook"
"CIS-Baxter","Global / AirWatch Clients / India / Genpact / IBEX / NewCISPolicy / CIS-Baxter"
"CIS-HSBC","Global / AirWatch Clients / India / Genpact / IBEX / NewCISPolicy / CIS-HSBC"
"CIS-BMO","Global / AirWatch Clients / India / Genpact / IBEX / NewCISPolicy / CIS-BMO"
"CIS-Asahi","Global / AirWatch Clients / India / Genpact / IBEX / NewCISPolicy / CIS-Asahi"
"CIS-TDBank","Global / AirWatch Clients / India / Genpact / IBEX / NewCISPolicy / CIS-TDBank"
"CIS-Suncorp","Global / AirWatch Clients / India / Genpact / IBEX / NewCISPolicy / CIS-Suncorp"
"CIS-BlueTic","Global / AirWatch Clients / India / Genpact / IBEX / NewCISPolicy / CIS-BlueTic"
"CIS-Aon","Global / AirWatch Clients / India / Genpact / IBEX / NewCISPolicy / CIS-Aon"
"CIS-AxisCollections","Global / AirWatch Clients / India / Genpact / IBEX / NewCISPolicy / CIS-AxisCollections"
"CIS-Ally","Global / AirWatch Clients / India / Genpact / IBEX / NewCISPolicy / CIS-Ally"
"CIS-Amgen","Global / AirWatch Clients / India / Genpact / IBEX / NewCISPolicy / CIS-Amgen"
"CIS-AholdDelhaize","Global / AirWatch Clients / India / Genpact / IBEX / NewCISPolicy / CIS-AholdDelhaize"
"CIS-ADM","Global / AirWatch Clients / India / Genpact / IBEX / NewCISPolicy / CIS-ADM"
"CIS-DigitalCMVOCR","Global / AirWatch Clients / India / Genpact / IBEX / NewCISPolicy / CIS-DigitalCMVOCR"
"CIS-BenchITS","Global / AirWatch Clients / India / Genpact / IBEX / NewCISPolicy / CIS-BenchITS"
"CIS-ADBBDO","Global / AirWatch Clients / India / Genpact / IBEX / NewCISPolicy / CIS-ADBBDO"
"CIS-ADBPMQA","Global / AirWatch Clients / India / Genpact / IBEX / NewCISPolicy / CIS-ADBPMQA"
"CIS-BCGLMS","Global / AirWatch Clients / India / Genpact / IBEX / NewCISPolicy / CIS-BCGLMS"
"CIS-ArielRe","Global / AirWatch Clients / India / Genpact / IBEX / NewCISPolicy / CIS-ArielRe"
"CIS-Bawag","Global / AirWatch Clients / India / Genpact / IBEX / NewCISPolicy / CIS-Bawag"
"CIS-ALS","Global / AirWatch Clients / India / Genpact / IBEX / NewCISPolicy / CIS-ALS"
"CIS-AxisInbound","Global / AirWatch Clients / India / Genpact / IBEX / NewCISPolicy / CIS-AxisInbound"
"CIS-BlackSwan","Global / AirWatch Clients / India / Genpact / IBEX / NewCISPolicy / CIS-BlackSwan"
"CIS-Accor","Global / AirWatch Clients / India / Genpact / IBEX / NewCISPolicy / CIS-Accor"
"CIS-Antares","Global / AirWatch Clients / India / Genpact / IBEX / NewCISPolicy / CIS-Antares"
"CIS-Amherst","Global / AirWatch Clients / India / Genpact / IBEX / NewCISPolicy / CIS-Amherst"
"CIS-BainCapital","Global / AirWatch Clients / India / Genpact / IBEX / NewCISPolicy / CIS-BainCapital"
"CIS-SwissRe","Global / AirWatch Clients / India / Genpact / IBEX / NewCISPolicy / CIS-SwissRe"
"CIS-CapitalOne","Global / AirWatch Clients / India / Genpact / IBEX / NewCISPolicy / CIS-CapitalOne"
"CIS-CNHi","Global / AirWatch Clients / India / Genpact / IBEX / NewCISPolicy / CIS-CNHi"
WellsFargoRemedy,"Global / AirWatch Clients / India / Genpact / IBEX / IBEX Prod / WellsFargoRemedy"
GlobalFoundries,"Global / AirWatch Clients / India / Genpact / IBEX / IBEX Prod / GlobalFoundries"
"CIS-Unilever","Global / AirWatch Clients / India / Genpact / IBEX / NewCISPolicy / CIS-Unilever"
"CIS-Gilead","Global / AirWatch Clients / India / Genpact / IBEX / NewCISPolicy / CIS-Gilead"
"CIS-ChaseCooper","Global / AirWatch Clients / India / Genpact / IBEX / NewCISPolicy / CIS-ChaseCooper"
"CIS-Cetera","Global / AirWatch Clients / India / Genpact / IBEX / NewCISPolicy / CIS-Cetera"
"CIS-Bupa","Global / AirWatch Clients / India / Genpact / IBEX / NewCISPolicy / CIS-Bupa"
"CIS-UPM","Global / AirWatch Clients / India / Genpact / IBEX / NewCISPolicy / CIS-UPM"
"CIS-WilliamsScotsman","Global / AirWatch Clients / India / Genpact / IBEX / NewCISPolicy / CIS-WilliamsScotsman"
"CIS-WPPGray","Global / AirWatch Clients / India / Genpact / IBEX / NewCISPolicy / CIS-WPPGray"
Driscoll,"Global / AirWatch Clients / India / Genpact / IBEX / IBEX Prod / Driscoll"
WellSpan,"Global / AirWatch Clients / India / Genpact / IBEX / IBEX Prod / WellSpan"
"CIS-Walgreens","Global / AirWatch Clients / India / Genpact / IBEX / NewCISPolicy / CIS-Walgreens"
"CIS-Criteo","Global / AirWatch Clients / India / Genpact / IBEX / NewCISPolicy / CIS-Criteo"
"CIS-Carrier","Global / AirWatch Clients / India / Genpact / IBEX / NewCISPolicy / CIS-Carrier"
"CIS-WBA","Global / AirWatch Clients / India / Genpact / IBEX / NewCISPolicy / CIS-WBA"
"CIS-CFG","Global / AirWatch Clients / India / Genpact / IBEX / NewCISPolicy / CIS-CFG"
"CIS-Cigna","Global / AirWatch Clients / India / Genpact / IBEX / NewCISPolicy / CIS-Cigna"
"CIS-SAPMDG","Global / AirWatch Clients / India / Genpact / IBEX / NewCISPolicy / CIS-SAPMDG"
"CIS-CBRE","Global / AirWatch Clients / India / Genpact / IBEX / NewCISPolicy / CIS-CBRE"
"CIS-WillisTowersWatson","Global / AirWatch Clients / India / Genpact / IBEX / NewCISPolicy / CIS-WillisTowersWatson"
"CIS-CCBSA","Global / AirWatch Clients / India / Genpact / IBEX / NewCISPolicy / CIS-CCBSA"
"CIS-UBS","Global / AirWatch Clients / India / Genpact / IBEX / NewCISPolicy / CIS-UBS"
"CIS-Cartus","Global / AirWatch Clients / India / Genpact / IBEX / NewCISPolicy / CIS-Cartus"
"CIS-NewDay","Global / AirWatch Clients / India / Genpact / IBEX / NewCISPolicy / CIS-NewDay"
"CIS-UCB","Global / AirWatch Clients / India / Genpact / IBEX / NewCISPolicy / CIS-UCB"
"CIS-EquiLendHoldingsLLC","Global / AirWatch Clients / India / Genpact / IBEX / NewCISPolicy / CIS-EquiLendHoldingsLLC"
"CIS-OwensCorning","Global / AirWatch Clients / India / Genpact / IBEX / NewCISPolicy / CIS-OwensCorning"
"CIS-COXCommunication","Global / AirWatch Clients / India / Genpact / IBEX / NewCISPolicy / CIS-COXCommunication"
"CIS-ProjectJason","Global / AirWatch Clients / India / Genpact / IBEX / NewCISPolicy / CIS-ProjectJason"
"CIS-FHLB","Global / AirWatch Clients / India / Genpact / IBEX / NewCISPolicy / CIS-FHLB"
"CIS-JSS","Global / AirWatch Clients / India / Genpact / IBEX / NewCISPolicy / CIS-JSS"
"CIS-RSA","Global / AirWatch Clients / India / Genpact / IBEX / NewCISPolicy / CIS-RSA"
"CIS-Sanofi","Global / AirWatch Clients / India / Genpact / IBEX / NewCISPolicy / CIS-Sanofi"
"CIS-Organon","Global / AirWatch Clients / India / Genpact / IBEX / NewCISPolicy / CIS-Organon"
"CIS-GRS","Global / AirWatch Clients / India / Genpact / IBEX / NewCISPolicy / CIS-GRS"
"CIS-ReckittBenckiser","Global / AirWatch Clients / India / Genpact / IBEX / NewCISPolicy / CIS-ReckittBenckiser"
"CIS-DollarFinancialGlobal","Global / AirWatch Clients / India / Genpact / IBEX / NewCISPolicy / CIS-DollarFinancialGlobal"
"CIS-COBank","Global / AirWatch Clients / India / Genpact / IBEX / NewCISPolicy / CIS-COBank"
"CIS-FINRA","Global / AirWatch Clients / India / Genpact / IBEX / NewCISPolicy / CIS-FINRA"
"CIS-Zoetis","Global / AirWatch Clients / India / Genpact / IBEX / NewCISPolicy / CIS-Zoetis"
"CIS-IRI","Global / AirWatch Clients / India / Genpact / IBEX / NewCISPolicy / CIS-IRI"
"CIS-Norgine","Global / AirWatch Clients / India / Genpact / IBEX / NewCISPolicy / CIS-Norgine"
"CIS-Demantra","Global / AirWatch Clients / India / Genpact / IBEX / NewCISPolicy / CIS-Demantra"
"CIS-DocMan","Global / AirWatch Clients / India / Genpact / IBEX / NewCISPolicy / CIS-DocMan"
"CIS-Intel","Global / AirWatch Clients / India / Genpact / IBEX / NewCISPolicy / CIS-Intel"
"CIS-MHE","Global / AirWatch Clients / India / Genpact / IBEX / NewCISPolicy / CIS-MHE"
"CIS-KPSnacks","Global / AirWatch Clients / India / Genpact / IBEX / NewCISPolicy / CIS-KPSnacks"
"CIS-MHI","Global / AirWatch Clients / India / Genpact / IBEX / NewCISPolicy / CIS-MHI"
"CIS-NBCU","Global / AirWatch Clients / India / Genpact / IBEX / NewCISPolicy / CIS-NBCU"
"CIS-KMT","Global / AirWatch Clients / India / Genpact / IBEX / NewCISPolicy / CIS-KMT"
"CIS-Ecolab","Global / AirWatch Clients / India / Genpact / IBEX / NewCISPolicy / CIS-Ecolab"
"CIS-ExpressScripts","Global / AirWatch Clients / India / Genpact / IBEX / NewCISPolicy / CIS-ExpressScripts"
"CIS-NomuraHoldingsInc","Global / AirWatch Clients / India / Genpact / IBEX / NewCISPolicy / CIS-NomuraHoldingsInc"
"CIS-Santander","Global / AirWatch Clients / India / Genpact / IBEX / NewCISPolicy / CIS-Santander"
"CIS-TEConnectivity","Global / AirWatch Clients / India / Genpact / IBEX / NewCISPolicy / CIS-TEConnectivity"
"CIS-SpiritAeroSystems","Global / AirWatch Clients / India / Genpact / IBEX / NewCISPolicy / CIS-SpiritAeroSystems"
"CIS-Tenneco","Global / AirWatch Clients / India / Genpact / IBEX / NewCISPolicy / CIS-Tenneco"
"CIS-ElementSolutions","Global / AirWatch Clients / India / Genpact / IBEX / NewCISPolicy / CIS-ElementSolutions"
"CIS-FIS","Global / AirWatch Clients / India / Genpact / IBEX / NewCISPolicy / CIS-FIS"
"CIS-FTB","Global / AirWatch Clients / India / Genpact / IBEX / NewCISPolicy / CIS-FTB"
"CIS-LyondellBasell","Global / AirWatch Clients / India / Genpact / IBEX / NewCISPolicy / CIS-LyondellBasell"
"CIS-ThomsonReuters","Global / AirWatch Clients / India / Genpact / IBEX / NewCISPolicy / CIS-ThomsonReuters"
"CIS-Jawood","Global / AirWatch Clients / India / Genpact / IBEX / NewCISPolicy / CIS-Jawood"
"CIS-Sabic","Global / AirWatch Clients / India / Genpact / IBEX / NewCISPolicy / CIS-Sabic"
"CIS-CVSHealth","Global / AirWatch Clients / India / Genpact / IBEX / NewCISPolicy / CIS-CVSHealth"
"CIS-RalphLauren","Global / AirWatch Clients / India / Genpact / IBEX / NewCISPolicy / CIS-RalphLauren"
"CIS-SPGlobal","Global / AirWatch Clients / India / Genpact / IBEX / NewCISPolicy / CIS-SPGlobal"
"CIS-PGS","Global / AirWatch Clients / India / Genpact / IBEX / NewCISPolicy / CIS-PGS"
"CIS-LMSNGEN","Global / AirWatch Clients / India / Genpact / IBEX / NewCISPolicy / CIS-LMSNGEN"
"CIS-Massmart","Global / AirWatch Clients / India / Genpact / IBEX / NewCISPolicy / CIS-Massmart"
"CIS-Disney","Global / AirWatch Clients / India / Genpact / IBEX / NewCISPolicy / CIS-Disney"
"CIS-CIT","Global / AirWatch Clients / India / Genpact / IBEX / NewCISPolicy / CIS-CIT"
"CIS-KimberlyClark","Global / AirWatch Clients / India / Genpact / IBEX / NewCISPolicy / CIS-KimberlyClark"
"CIS-ERC","Global / AirWatch Clients / India / Genpact / IBEX / NewCISPolicy / CIS-ERC"
"CIS-RMS","Global / AirWatch Clients / India / Genpact / IBEX / NewCISPolicy / CIS-RMS"
"CIS-SuezWater","Global / AirWatch Clients / India / Genpact / IBEX / NewCISPolicy / CIS-SuezWater"
"CIS-DelphiTechnology","Global / AirWatch Clients / India / Genpact / IBEX / NewCISPolicy / CIS-DelphiTechnology"
"CIS-HartreePartnersLP","Global / AirWatch Clients / India / Genpact / IBEX / NewCISPolicy / CIS-HartreePartnersLP"
"CIS-Macquarie","Global / AirWatch Clients / India / Genpact / IBEX / NewCISPolicy / CIS-Macquarie"
"CIS-CVSCaremark","Global / AirWatch Clients / India / Genpact / IBEX / NewCISPolicy / CIS-CVSCaremark"
"CIS-Fenergo","Global / AirWatch Clients / India / Genpact / IBEX / NewCISPolicy / CIS-Fenergo"
"CIS-Takeda","Global / AirWatch Clients / India / Genpact / IBEX / NewCISPolicy / CIS-Takeda"
"CIS-Terraform","Global / AirWatch Clients / India / Genpact / IBEX / NewCISPolicy / CIS-Terraform"
"CIS-Mitie","Global / AirWatch Clients / India / Genpact / IBEX / NewCISPolicy / CIS-Mitie"
"CIS-Kennametal","Global / AirWatch Clients / India / Genpact / IBEX / NewCISPolicy / CIS-Kennametal"
"CIS-MoneyMart","Global / AirWatch Clients / India / Genpact / IBEX / NewCISPolicy / CIS-MoneyMart"
"CIS-HarvestSherwood","Global / AirWatch Clients / India / Genpact / IBEX / NewCISPolicy / CIS-HarvestSherwood"
"CIS-Symantec","Global / AirWatch Clients / India / Genpact / IBEX / NewCISPolicy / CIS-Symantec"
"CIS-GoDaddy","Global / AirWatch Clients / India / Genpact / IBEX / NewCISPolicy / CIS-GoDaddy"
"CIS-PacificInvestment","Global / AirWatch Clients / India / Genpact / IBEX / NewCISPolicy / CIS-PacificInvestment"
"CIS-GlobalJet","Global / AirWatch Clients / India / Genpact / IBEX / NewCISPolicy / CIS-GlobalJet"
"CIS-Daimler","Global / AirWatch Clients / India / Genpact / IBEX / NewCISPolicy / CIS-Daimler"
"CIS-JJ","Global / AirWatch Clients / India / Genpact / IBEX / NewCISPolicy / CIS-JJ"
"CIS-Travelers","Global / AirWatch Clients / India / Genpact / IBEX / NewCISPolicy / CIS-Travelers"
"CIS-GMF","Global / AirWatch Clients / India / Genpact / IBEX / NewCISPolicy / CIS-GMF"
"CIS-LSM","Global / AirWatch Clients / India / Genpact / IBEX / NewCISPolicy / CIS-LSM"
"CIS-Pfizer","Global / AirWatch Clients / India / Genpact / IBEX / NewCISPolicy / CIS-Pfizer"
"CIS-Endo","Global / AirWatch Clients / India / Genpact / IBEX / NewCISPolicy / CIS-Endo"
"CIS-NTTData","Global / AirWatch Clients / India / Genpact / IBEX / NewCISPolicy / CIS-NTTData"
"CIS-IngramMicro","Global / AirWatch Clients / India / Genpact / IBEX / NewCISPolicy / CIS-IngramMicro"
"CIS-LeaseDimension","Global / AirWatch Clients / India / Genpact / IBEX / NewCISPolicy / CIS-LeaseDimension"
"CIS-Merck","Global / AirWatch Clients / India / Genpact / IBEX / NewCISPolicy / CIS-Merck"
"CIS-Huntsman","Global / AirWatch Clients / India / Genpact / IBEX / NewCISPolicy / CIS-Huntsman"
"CIS-Hilton","Global / AirWatch Clients / India / Genpact / IBEX / NewCISPolicy / CIS-Hilton"
"CIS-Brightclaim","Global / AirWatch Clients / India / Genpact / IBEX / NewCISPolicy / CIS-Brightclaim"
"CIS-Yokogawa","Global / AirWatch Clients / India / Genpact / IBEX / NewCISPolicy / CIS-Yokogawa"
"CIS-Venbrook","Global / AirWatch Clients / India / Genpact / IBEX / NewCISPolicy / CIS-Venbrook"
"CIS-DigitizationCMIT","Global / AirWatch Clients / India / Genpact / IBEX / NewCISPolicy / CIS-DigitizationCMIT"
"CIS-GlobalFoundries","Global / AirWatch Clients / India / Genpact / IBEX / NewCISPolicy / CIS-GlobalFoundries"
"CIS-Hitachi","Global / AirWatch Clients / India / Genpact / IBEX / NewCISPolicy / CIS-Hitachi"
"CIS-Panasonic","Global / AirWatch Clients / India / Genpact / IBEX / NewCISPolicy / CIS-Panasonic"
"CIS-Zimmer","Global / AirWatch Clients / India / Genpact / IBEX / NewCISPolicy / CIS-Zimmer"
"CIS-MorganStanley","Global / AirWatch Clients / India / Genpact / IBEX / NewCISPolicy / CIS-MorganStanley"
"CIS-Cardinal","Global / AirWatch Clients / India / Genpact / IBEX / NewCISPolicy / CIS-Cardinal"
"CIS-Hyatt","Global / AirWatch Clients / India / Genpact / IBEX / NewCISPolicy / CIS-Hyatt"
"CIS-Humana","Global / AirWatch Clients / India / Genpact / IBEX / NewCISPolicy / CIS-Humana"
"CIS-DentsuAegis","Global / AirWatch Clients / India / Genpact / IBEX / NewCISPolicy / CIS-DentsuAegis"
"CIS-CCBSS","Global / AirWatch Clients / India / Genpact / IBEX / NewCISPolicy / CIS-CCBSS"
"CIS-WellsFargo","Global / AirWatch Clients / India / Genpact / IBEX / NewCISPolicy / CIS-WellsFargo"
"CIS-RussellInvestments","Global / AirWatch Clients / India / Genpact / IBEX / NewCISPolicy / CIS-RussellInvestments"
"CIS-Viatris","Global / AirWatch Clients / India / Genpact / IBEX / NewCISPolicy / CIS-Viatris"
"CIS-WellSpan","Global / AirWatch Clients / India / Genpact / IBEX / NewCISPolicy / CIS-WellSpan"
"CIS-Nissan","Global / AirWatch Clients / India / Genpact / IBEX / NewCISPolicy / CIS-Nissan"
"CIS-Genworth","Global / AirWatch Clients / India / Genpact / IBEX / NewCISPolicy / CIS-Genworth"
"CIS-Driscoll","Global / AirWatch Clients / India / Genpact / IBEX / NewCISPolicy / CIS-Driscoll"
"CIS-Cytiva","Global / AirWatch Clients / India / Genpact / IBEX / NewCISPolicy / CIS-Cytiva"
"CIS-Wabtec","Global / AirWatch Clients / India / Genpact / IBEX / NewCISPolicy / CIS-Wabtec"
"CIS-Boeing","Global / AirWatch Clients / India / Genpact / IBEX / NewCISPolicy / CIS-Boeing"
"CIS-Bridgewater","Global / AirWatch Clients / India / Genpact / IBEX / NewCISPolicy / CIS-Bridgewater"
"CIS-BOKF","Global / AirWatch Clients / India / Genpact / IBEX / NewCISPolicy / CIS-BOKF"
"CIS-WellsFargoRemedy","Global / AirWatch Clients / India / Genpact / IBEX / NewCISPolicy / CIS-WellsFargoRemedy"
"CIS-FactoFrance","Global / AirWatch Clients / India / Genpact / IBEX / NewCISPolicy / CIS-FactoFrance"
"CIS-Aptiv","Global / AirWatch Clients / India / Genpact / IBEX / NewCISPolicy / CIS-Aptiv"
BYOD,"Global / AirWatch Clients / India / Genpact / NorthCEE / BYOD"
"CIS-Hamilton","Global / AirWatch Clients / India / Genpact / IBEX / NewCISPolicy / CIS-Hamilton"
"CIS-MHIRJ","Global / AirWatch Clients / India / Genpact / IBEX / NewCISPolicy / CIS-MHIRJ"
"CIS-Lokesh","Global / AirWatch Clients / India / Genpact / IBEX / NewCISPolicy / CIS-Training / CIS-Lokesh"
"CIS-Coinbase","Global / AirWatch Clients / India / Genpact / IBEX / NewCISPolicy / CIS-Coinbase"
"CIS-Amazon","Global / AirWatch Clients / India / Genpact / IBEX / NewCISPolicy / CIS-Amazon"
"CIS-Chime","Global / AirWatch Clients / India / Genpact / IBEX / NewCISPolicy / CIS-Chime"
"CIS-Thermofisher","Global / AirWatch Clients / India / Genpact / IBEX / NewCISPolicy / CIS-Thermofisher"
"CIS-ResolutionLife","Global / AirWatch Clients / India / Genpact / IBEX / NewCISPolicy / CIS-ResolutionLife"
"CIS-STE","Global / AirWatch Clients / India / Genpact / IBEX / NewCISPolicy / CIS-STE"
"CIS-Axiom","Global / AirWatch Clients / India / Genpact / IBEX / NewCISPolicy / CIS-Axiom"
"CIS-JPMC","Global / AirWatch Clients / India / Genpact / IBEX / NewCISPolicy / CIS-JPMC"
"CIS-GroceryOutlet","Global / AirWatch Clients / India / Genpact / IBEX / NewCISPolicy / CIS-GroceryOutlet"
"CIS-Advantest","Global / AirWatch Clients / India / Genpact / IBEX / NewCISPolicy / CIS-Advantest"
"CIS-Pharmanovia","Global / AirWatch Clients / India / Genpact / IBEX / NewCISPolicy / CIS-Pharmanovia"
"CIS-HondaAircraft","Global / AirWatch Clients / India / Genpact / IBEX / NewCISPolicy / CIS-HondaAircraft"
"CIS-HNB","Global / AirWatch Clients / India / Genpact / IBEX / NewCISPolicy / CIS-HNB"
"CIS-IntegraLife","Global / AirWatch Clients / India / Genpact / IBEX / NewCISPolicy / CIS-IntegraLife"
"CIS-Cordis","Global / AirWatch Clients / India / Genpact / IBEX / NewCISPolicy / CIS-Cordis"
"CIS-AstonMartin","Global / AirWatch Clients / India / Genpact / IBEX / NewCISPolicy / CIS-AstonMartin"
NorthCEE,"Global / AirWatch Clients / India / Genpact / NorthCEE"
"CIS-WatsonHealth","Global / AirWatch Clients / India / Genpact / IBEX / NewCISPolicy / CIS-WatsonHealth"
Macgrew,"Global / AirWatch Clients / India / Genpact / IBEX / IBEX Prod / Macgrew"
